id,intention_prob,cross_frame,wait_time,group_number,perc_road,back,ped_spd,accele,vehicle,real_dist,revise_dist,agg_index,sig_agg_index,normal_agg,normal_sig_agg
1_2_22,0.9,5181,4.333333333,2,0,0,1.861691448,0,0,8.834427167,8.834427167,0.302798216,0.163199841,-0.127201784,0.375473202
1_2_23,0.9,5192,3.6,2,0,1,1.58673827,0,0,9.884829245,9.884829245,0.286258192,0.151153827,-0.143741808,0.360091454
1_2_33,0.966666667,7758,4.7,2,1,1,2.404224145,1,1.6674592,2.032617708,1.834016267,0.713797712,0.651556362,0.283797712,0.756795579
1_2_32,0.966666667,7764,3.733333333,2,1,1,2.421093181,1,1.6674592,2.40465,2.206048558,0.650832466,0.569442901,0.220832466,0.707511776
1_2_34,0.95,8134,6.333333333,2,1,1,1.742419546,0,0,2.72568,2.72568,0.575421615,0.466256091,0.145421615,0.641455368
1_2_35,0.85,8137,6.433333333,2,0,1,1.891562386,0,0,1.912524022,1.912524022,0.614632437,0.520108749,0.184632437,0.676674269
1_2_38,0.966666667,10443,1.3,1,1,1,1.336848456,0,0,6.466838222,6.466838222,0.380128774,0.229826393,-0.049871226,0.450293501
1_2_56,0.933333333,11556,3.7,1,0,0,2.346113145,0,0,0.866751799,0.866751799,1.002511587,0.901483148,0.572511587,0.90804932
1_2_43,0.933333333,12256,3.1,7,1,0,1.29482525,1,0,7.08217322,7.08217322,0.350714324,0.20244683,-0.079285676,0.42137225
1_2_39,0.983333333,12274,4.6,7,0,1,1.165783006,0,0,6.856537511,6.856537511,0.375533196,0.22538302,-0.054466804,0.445747622
1_2_41,0.95,12282,3.133333333,7,0,1,1.508997034,0,0,6.412006023,6.412006023,0.37516874,0.225033254,-0.05483126,0.445387485
1_2_44,0.816666667,12296,4.333333333,7,0,0,1.006538347,1,0,6.900612737,6.900612737,0.310885883,0.169365939,-0.119114117,0.383089227
1_2_40,0.916666667,12301,5.5,7,0,1,1.227202868,1,0,6.311971103,6.311971103,0.364862255,0.215301939,-0.065137745,0.43522827
1_2_42,0.9,12306,3.6,7,1,0,1.278644384,0,0,6.925701938,6.925701938,0.341987798,0.194807873,-0.088012202,0.412885679
1_2_45,0.85,12319,4.166666667,7,0,0,1.057799339,0,0,7.151981195,7.151981195,0.317837945,0.174813273,-0.112162055,0.389682212
1_2_50,0.983333333,15790,3.433333333,1,0,0,2.534177183,0,0,0.604197391,0.604197391,1.265060624,0.974859994,0.835060624,0.965783857
1_2_51,1,15894,3.166666667,1,1,1,1.765994611,0,0,1.227602121,1.227602121,0.902549822,0.840777441,0.472549822,0.868778252
1_2_52,0.983333333,16089,1.8,1,0,0,2.556329114,0,0,0.860376087,0.860376087,1.060123827,0.926264881,0.630123827,0.925566185
1_3_62,0.916666667,2915,6.133333333,1,0,1,2.672998822,1,0,6.782316368,6.782316368,0.351983591,0.203576333,-0.078016409,0.42261062
1_3_71,1,9548,3.033333333,1,0,0,2.174968003,0,0,4.039247483,4.039247483,0.497564937,0.362762785,0.067564937,0.567156672
1_3_77,0.983333333,9874,3.433333333,7,1,1,1.705580168,0,0,2.986505775,2.986505775,0.569008929,0.45749015,0.139008929,0.635534787
1_3_72,0.966666667,9898,3.433333333,7,0,1,1.612638024,0,0,2.670822,2.670822,0.591499349,0.488313733,0.161499349,0.656107919
1_3_73,0.9,9902,3.566666667,7,0,0,1.69012412,0,0,1.75101027,1.75101027,0.680139758,0.608442174,0.250139758,0.731168477
1_3_75,0.966666667,9904,5.733333333,7,1,0,1.379564339,0,0,0.715079048,0.715079048,1.143140777,0.951995899,0.713140777,0.945451022
1_3_74,0.983333333,9922,3.733333333,7,1,0,1.615069115,0,0,2.07252745,2.07252745,0.683047043,0.612244977,0.253047043,0.73344816
1_3_76,0.95,9937,3.8,7,1,0,2.090534128,0,0,0.746361437,0.746361437,1.099636151,0.939800232,0.669636151,0.935748676
1_3_70,0.966666667,9966,7.866666667,7,0,0,1.842539047,0,0,0.938336789,0.938336789,0.997923779,0.899219364,0.567923779,0.906505553
1_3_79,0.916666667,11442,3.2,1,0,0,1.170673866,0,0,4.859253713,4.859253713,0.415840373,0.266417009,-0.014159627,0.485844157
1_3_80,1,11660,3.466666667,1,1,0,2.270297845,1,0,3.561370562,3.561370562,0.529896947,0.40478496,0.099896947,0.598588618
1_3_84,0.9,13052,0.6,2,1,0,2.206886317,1,5.5567072,6.3984026,4.192902964,0.439526539,0.29263845,0.009526539,0.509525387
1_3_85,0.916666667,13086,0.966666667,2,1,0,2.573467002,1,4.4435776,5.77438875,4.364004329,0.438802257,0.291814531,0.008802257,0.508801348
1_3_104,0.716666667,13225,1.666666667,1,1,1,2.293140832,1,3.889248,6.419759789,5.33931336,0.310151939,0.16879881,-0.119848061,0.382395648
1_3_86,0.666666667,13777,2.833333333,1,1,1,2.609518389,1,6.6698368,6.742234211,3.564611143,0.353104019,0.20457728,-0.076895981,0.423704585
1_3_90,1,15768,1.833333333,2,0,0,1.42399668,1,3.889248,3.835693604,2.755247175,0.602448208,0.503366236,0.172448208,0.66592084
1_3_89,0.85,15781,2.3,2,0,1,1.631770054,1,3.6120832,3.213408765,2.281469833,0.56274489,0.448952702,0.13274489,0.62971155
1_3_93,0.883333333,16420,2,2,1,1,1.539618135,1,0,5.012960667,5.012960667,0.394527673,0.244143053,-0.035472327,0.464587066
1_3_94,0.8,16445,3.2,2,1,0,1.267056949,1,0,5.866029156,5.866029156,0.330307077,0.184927821,-0.099692923,0.40160749
1_3_97,0.966666667,17661,2.533333333,1,1,0,3.720737954,1,0,0.212244835,0.5,1.36707311,0.985498594,0.93707311,0.976984265
1_4_112,0.9,314,2.866666667,1,0,1,2.081157534,1,0,6.09966011,6.09966011,0.364409501,0.214881535,-0.065590499,0.434783166
1_4_106,0.933333333,1525,4.966666667,1,1,0,2.675017244,0,0,0.3514725,0.5,1.319932658,0.98128669,0.889932658,0.972340334
1_4_110,1,7236,3.6,1,1,0,1.224601735,0,0,6.171041509,6.171041509,0.402550867,0.252377869,-0.027449133,0.472578409
2_1_114,0.983333333,3234,1.266666667,1,0,1,2.015008426,0,5.5567072,6.649914079,4.444414443,0.466437529,0.324187506,0.036437529,0.536373162
2_1_118,0.866666667,7257,3.333333333,2,1,1,2.374208975,0,1.1131296,7.507949611,7.419445504,0.318175231,0.175081036,-0.111824769,0.390003127
2_1_117,0.9,7282,5.4,2,0,0,3.930855605,1,0,5.500482432,5.500482432,0.38374446,0.233365284,-0.04625554,0.453875966
2_1_119,1,7354,3.566666667,1,1,0,4.531654877,1,0,7.425617625,7.425617625,0.366972659,0.217269424,-0.063027341,0.437304381
2_1_136,0.8,12230,3.266666667,3,0,1,1.898916543,1,0,9.68492816,9.68492816,0.25706431,0.131684491,-0.17293569,0.3336455
2_1_139,0.916666667,12233,5.433333333,3,0,1,1.565270816,0,0,10.18928899,10.18928899,0.287170285,0.151798604,-0.142829715,0.36093256
2_1_141,0.933333333,12238,3.9,3,0,0,1.841232763,0,0,10.94733526,10.94733526,0.282086672,0.148233549,-0.147913328,0.356255598
2_1_137,0.916666667,12500,3.5,1,1,1,2.195573332,1,1.1131296,7.80209806,7.713593952,0.330052519,0.184716883,-0.099947481,0.401362814
2_1_132,0.933333333,15630,2.466666667,3,0,1,1.217652721,1,0,8.866515145,8.866515145,0.313444242,0.171354679,-0.116555758,0.38551059
2_1_130,0.966666667,15675,3.966666667,3,0,1,0.675439949,0,0.5543296,8.709869167,8.687920502,0.327958449,0.182988699,-0.102041551,0.399351913
2_1_131,0.983333333,15701,4.833333333,3,0,1,1.069436047,1,2.2217888,8.342558519,7.989962413,0.347879144,0.199940751,-0.082120856,0.418609675
2_1_133,0.95,15771,3.833333333,1,0,1,1.902529651,1,2.2217888,7.954379101,7.601782996,0.344560803,0.197037241,-0.085439197,0.415382796
2_2_180,0.983333333,2766,3.2,2,1,1,1.421477915,0,2.2217888,6.058860211,5.706264106,0.411646879,0.261933714,-0.018353121,0.481655117
2_2_181,0.95,2790,3.3,2,0,1,1.290923748,0,1.6674592,5.442705914,5.244104472,0.414846985,0.265350566,-0.015153015,0.484851622
2_2_182,1,2858,3.333333333,2,0,1,1.345666765,0,0,6.758291178,6.758291178,0.384664006,0.234271321,-0.045335994,0.454787841
2_2_183,0.966666667,2867,3.633333333,2,0,1,1.50761846,0,0,6.083349014,6.083349014,0.391927174,0.241513333,-0.038072826,0.462000588
2_2_189,0.916666667,2964,3.8,2,1,1,1.402201105,0,0,5.389323149,5.389323149,0.394861078,0.244481602,-0.035138922,0.464918814
2_2_187,0.866666667,2988,4.466666667,2,0,1,1.522888415,0,0,4.494437826,4.494437826,0.408803311,0.25892147,-0.021196689,0.478816
2_2_188,0.85,3041,2.566666667,1,0,1,1.83063922,1,0,5.06053669,5.06053669,0.377851053,0.227616462,-0.052148947,0.448039327
2_2_184,0.916666667,3627,3.733333333,1,0,1,1.209217451,0,0,5.04600335,5.04600335,0.408072823,0.258151298,-0.021927177,0.478086869
2_2_191,1,3755,4.033333333,1,1,1,0.73602373,0,0,8.295580421,8.295580421,0.347197517,0.199341727,-0.082802483,0.417946258
2_2_190,0.966666667,3895,1.933333333,1,1,0,1.386070555,1,0,3.779715876,3.779715876,0.49721837,0.362322271,0.06721837,0.566816325
2_2_185,0.933333333,4168,0.7,1,1,1,1.602336973,0,0,4.388816262,4.388816262,0.445515765,0.299503495,0.015515765,0.515510787
2_2_193,0.95,4411,2.9,1,1,0,1.613909112,0,0,8.424184136,8.424184136,0.327310306,0.182456352,-0.102689694,0.398730195
2_2_151,0.783333333,5572,11.73333333,1,0,1,0.517595813,0,0,10.29240435,10.29240435,0.244167686,0.123783653,-0.185832314,0.322276557
2_2_152,0.933333333,5756,4.8,5,0,1,0.675108424,0,0,9.53601517,9.53601517,0.302240953,0.162781707,-0.127759047,0.37495065
2_2_150,0.8,5762,18.06666667,5,0,1,0.6580888,0,0,9.526095025,9.526095025,0.259198529,0.133032493,-0.170801471,0.335546158
2_2_155,0.95,5781,4.8,5,0,0,1.41845884,1,0,9.070155565,9.070155565,0.315439617,0.172918607,-0.114560383,0.387403065
2_2_154,0.983333333,5799,7.3,5,0,0,1.879054147,0,0,9.859873396,9.859873396,0.31315914,0.171132141,-0.11684086,0.385240472
2_2_153,1,5831,6.266666667,5,0,0,2.052710987,0,0,9.856673333,9.856673333,0.318518615,0.175353971,-0.111481385,0.390329941
2_2_156,0.983333333,6869,2.066666667,5,0,0,2.807035892,1,6.6698368,8.8091575,5.631534433,0.414369126,0.264838537,-0.015630874,0.484374216
2_2_158,0.983333333,8552,3.933333333,1,0,1,1.819696577,0,0,5.10889197,5.10889197,0.435048225,0.287566024,0.005048225,0.505048054
2_2_157,1,8639,2.366666667,1,0,1,1.886512341,0,0,3.676951304,3.676951304,0.521502099,0.393711281,0.091502099,0.590494115
2_2_159,0.983333333,10596,3.666666667,1,0,0,2.356023078,1,0,3.081355,3.081355,0.560182959,0.445469328,0.130182959,0.627318878
2_2_161,0.65,10771,3.566666667,1,1,1,1.231210377,0,2.2217888,7.499507985,7.14691188,0.243138729,0.123171148,-0.186861271,0.321378259
2_2_160,1,10868,5.6,1,1,0,2.438376791,1,1.1131296,2.019198067,1.930693959,0.719686376,0.6588728,0.289686376,0.761104691
2_2_174,0.983333333,16517,2.5,1,1,1,1.168646083,0,3.3349184,4.068622941,3.274217174,0.543434267,0.42284345,0.113434267,0.611527387
2_2_177,0.816666667,16640,3.4,2,0,1,2.19573495,1,0,7.288373593,7.288373593,0.302502882,0.162978134,-0.127497118,0.375196228
2_2_178,0.95,16647,4.9,2,0,0,2.231413498,1,0,6.918115901,6.918115901,0.361184986,0.211904666,-0.068815014,0.431616217
2_3_194,0.95,965,3.566666667,1,0,1,2.11999848,0,1.1131296,3.036956788,2.948452681,0.553256499,0.436079368,0.123256499,0.62081902
2_3_195,1,1137,1.7,2,1,0,2.324680046,0,0,1.674795333,1.674795333,0.772714619,0.721101182,0.342714619,0.797518818
2_3_197,1,1178,3.466666667,2,0,1,1.608225624,0,0,3.320426859,3.320426859,0.548786022,0.430042715,0.118786022,0.616600568
2_3_198,0.983333333,1305,3.533333333,1,1,0,1.506808909,0,0,2.855800402,2.855800402,0.581884563,0.47511186,0.151884563,0.64737904
2_3_196,0.9,1365,1.833333333,1,1,1,1.930027391,1,0,4.315820542,4.315820542,0.433222317,0.285512996,0.003222317,0.503222272
2_3_200,1,1434,3.6,2,0,1,1.663346156,0,0,3.609476796,3.609476796,0.526353934,0.400098822,0.096353934,0.595178645
2_3_201,0.933333333,1436,3.666666667,2,0,0,1.606840274,0,0,2.481307449,2.481307449,0.592511095,0.489704211,0.162511095,0.657020463
2_3_202,1,1633,3.566666667,1,0,0,3.486341915,0,0,0.238045,0.5,1.414213562,0.988773349,0.984213562,0.980863846
3_1_267,0.833333333,17029,3.2,3,1,0,2.061006557,0,0,6.196858531,6.196858531,0.334759541,0.188647483,-0.095240459,0.405894934
3_1_268,0.9,17041,1.1,3,1,0,1.565848286,0,0,6.538506442,6.538506442,0.351968041,0.203562468,-0.078031959,0.422595444
3_2_289,0.983333333,5921,10.5,1,1,0,2.548295065,1,0,2.862023022,2.862023022,0.581251651,0.474243839,0.151251651,0.646800902
3_2_290,0.85,6090,20.63333333,1,0,1,2.128221916,0,0,3.633258657,3.633258657,0.445934186,0.299986536,0.015934186,0.515928794
3_2_303,0.85,11943,4,2,0,1,2.229774131,0,0,4.717004444,4.717004444,0.391368424,0.24095083,-0.038631576,0.461445112
3_2_302,0.95,11971,6.333333333,2,0,1,2.356244294,0,0,2.910580734,2.910580734,0.556844302,0.440937942,0.126844302,0.62419143
3_2_304,1,12618,2.2,2,0,0,2.045965677,0,0,3.8264685,3.8264685,0.511211869,0.380285944,0.081211869,0.580505163
3_2_305,1,12711,2,2,0,0,2.237595379,0,0,3.44784898,3.44784898,0.538549817,0.416301213,0.108549817,0.606875968
3_3_308,0.983333333,1641,7.566666667,2,0,0,2.621238917,0,0,2.343242394,2.343242394,0.64238021,0.558010377,0.21238021,0.700466618
3_3_309,0.916666667,1708,10.26666667,2,1,0,2.453814239,0,0,2.651644183,2.651644183,0.56292925,0.449203568,0.13292925,0.629883486
3_3_307,1,2379,1.833333333,1,0,0,2.614882451,1,0,3.327121127,3.327121127,0.548233657,0.42929824,0.118233657,0.616078108
3_3_326,0.95,17636,5.633333333,5,0,1,1.742595287,0,0,1.530979146,1.530979146,0.767783841,0.715614546,0.337783841,0.794315185
3_3_327,0.95,17646,5.166666667,5,0,0,2.027682056,0,0,4.383885577,4.383885577,0.453726349,0.309062664,0.023726349,0.523708556
3_3_329,0.566666667,17699,5.333333333,5,0,1,1.840834915,0,0,5.344639289,5.344639289,0.245114197,0.124349388,-0.184885803,0.323104039
3_3_328,0.783333333,17710,5.7,5,0,0,1.801153849,0,0,4.332865792,4.332865792,0.376321463,0.226140831,-0.053678537,0.446526742
3_3_330,0.95,17723,3.733333333,5,1,0,1.76837825,0,0,3.194004778,3.194004778,0.531564323,0.406996377,0.101564323,0.600190109
3_3_332,0.966666667,18030,2.433333333,2,0,0,2.027544876,0,0,2.2916625,2.2916625,0.638559564,0.55282157,0.208559564,0.697250341
3_3_331,1,18037,3.133333333,2,0,0,1.990403022,0,0,3.574678642,3.574678642,0.528909658,0.403477345,0.098909658,0.597639345
3_3_334,1,18985,2.133333333,1,0,1,1.912588923,1,0,7.427877067,7.427877067,0.366916841,0.21721722,-0.063083159,0.437249442
3_3_335,0.983333333,19609,2.8,1,0,1,2.234878338,0,0,2.963137434,2.963137434,0.571248225,0.460548488,0.141248225,0.637607012
3_3_342,0.716666667,20115,3.3,6,0,0,2.044752338,1,0,9.578874727,9.578874727,0.23155809,0.116455698,-0.19844191,0.311360257
3_3_337,0.933333333,20115,4.033333333,6,0,1,0.687517993,0,0,8.608447234,8.608447234,0.318107835,0.175027506,-0.111892165,0.389938994
3_3_336,0.933333333,20115,3.733333333,6,0,1,0.663779905,0,0,9.064441477,9.064441477,0.310003254,0.168684104,-0.119996746,0.382255198
3_3_339,0.983333333,20134,4.3,6,1,1,1.780320698,1,0,10.10064721,10.10064721,0.309404168,0.168222555,-0.120595832,0.381689495
3_3_338,0.766666667,20164,6.266666667,6,0,1,1.234632712,0,0.5543296,7.160934608,7.138985943,0.286938166,0.151634301,-0.143061834,0.360718426
3_3_340,0.633333333,20206,5.3,6,0,1,1.518141577,1,1.1131296,9.525906455,9.437402347,0.206160809,0.10283486,-0.223839191,0.290005618
3_3_341,0.833333333,20314,3.233333333,2,1,0,1.179499267,0,1.6674592,7.993985789,7.795384348,0.29846952,0.159974525,-0.13153048,0.371421842
3_3_343,0.616666667,20330,10.2,2,1,0,1.227422543,1,1.6674592,7.300097308,7.101495866,0.2314065,0.116369939,-0.1985935,0.31123026
3_4_349,0.883333333,8302,0.366666667,2,1,1,2.569795219,1,2.2217888,5.098561879,4.745965774,0.405473353,0.255422756,-0.024526647,0.475493006
3_4_356,1,8381,3.3,1,0,1,3.43420785,1,1.6674592,2.0280486,1.829447158,0.739332955,0.682726737,0.309332955,0.775099238
3_4_350,1,9439,1.4,1,0,0,2.259100347,0,6.1110368,10.76183046,8.094346832,0.351486861,0.203133743,-0.078513139,0.422125865
3_4_351,0.966666667,9794,11.5,5,0,1,1.82026765,0,0,2.232751534,2.232751534,0.646928889,0.564171358,0.216928889,0.70427013
3_4_353,0.983333333,9808,11.46666667,5,0,1,2.003275979,0,0,4.282702798,4.282702798,0.4751621,0.334787964,0.0451621,0.545039681
3_4_355,0.916666667,9812,1.3,5,1,0,2.562687724,0,0,4.901105352,4.901105352,0.414061089,0.264508809,-0.015938911,0.484066486
3_4_352,0.95,9832,11.96666667,5,0,1,2.063884155,0,0,5.516117957,5.516117957,0.404489109,0.2543946,-0.025510891,0.474511223
3_4_354,0.95,9882,14.73333333,5,0,1,1.792886066,1,0,1.667031947,1.667031947,0.73578621,0.678486305,0.30578621,0.772616509
3_4_357,0.966666667,10210,1.633333333,1,1,0,2.383504427,0,0,3.469561192,3.469561192,0.518966671,0.390387587,0.088966671,0.588039508
3_4_361,0.9,12032,1.7,1,1,1,1.721515124,0,2.7805888,10.29112007,9.738857638,0.288395514,0.152668296,-0.141604486,0.362063776
3_4_374,0.983333333,15506,8.533333333,1,0,0,1.429924542,0,0,9.462211308,9.462211308,0.319671884,0.176273086,-0.110328116,0.391428279
3_4_378,0.95,15607,7.333333333,6,0,1,0.652571876,0,0,8.442813127,8.442813127,0.326949003,0.182160121,-0.103050997,0.398383764
3_4_376,0.983333333,15619,3.5,6,0,1,0.52593685,0,0,8.168922818,8.168922818,0.344047467,0.196590931,-0.085952533,0.414884248
3_4_379,0.833333333,15623,3.866666667,6,0,1,0.955339037,0,0,9.140798403,9.140798403,0.275630129,0.143805696,-0.154369871,0.35035492
3_4_380,0.983333333,15643,4.633333333,6,0,1,1.285583652,1,0,6.956871717,6.956871717,0.372815331,0.222783989,-0.057184669,0.443063365
3_4_377,0.833333333,15659,5.4,6,0,1,1.109582008,0,1.1131296,8.629163746,8.540659639,0.285149784,0.150373302,-0.144850216,0.359070466
3_4_383,0.95,15664,4.833333333,6,0,0,1.324991,1,1.1131296,7.2119164,7.123412292,0.355942269,0.207129202,-0.074057731,0.426479123
3_4_382,0.866666667,15675,5.4,6,0,1,1.100001405,0,1.1131296,8.997120365,8.908616258,0.290366806,0.154076126,-0.139633194,0.363887015
3_4_375,0.916666667,15747,7.6,2,0,1,1.441700208,1,1.1131296,6.157152118,6.068648011,0.372104965,0.222108217,-0.057895035,0.442362324
3_4_381,1,15785,4.933333333,2,0,1,1.016258692,0,0.5543296,6.41776312,6.395814455,0.395414027,0.245043784,-0.034585973,0.465469084
3_5_398,0.833333333,3030,2.466666667,1,1,1,2.178637002,1,6.1110368,2.108885699,0.5,1.178511302,0.960144071,0.748511302,0.952304383
3_5_396,0.966666667,3160,4.9,2,0,0,2.370716908,0,0,2.559797836,2.559797836,0.604190524,0.505761715,0.174190524,0.667469496
3_5_397,1,3162,4.833333333,2,0,0,2.393488832,0,0,3.832040678,3.832040678,0.510840057,0.379804127,0.080840057,0.580142947
3_5_407,0.9,9946,1.566666667,2,0,0,2.39077951,1,5.5567072,9.635797636,7.430298,0.330171356,0.184815334,-0.099828644,0.401477032
3_5_409,0.983333333,9964,1.7,2,0,0,2.8906682,1,5.0023776,8.813477685,7.02606471,0.370975039,0.221036337,-0.059024961,0.441247705
3_5_412,0.933333333,10352,0.766666667,1,1,0,2.781907879,1,5.0023776,9.334868767,7.547455792,0.339732025,0.192869143,-0.090267975,0.410700114
3_5_413,0.733333333,10887,2.266666667,1,0,1,0.849588957,0,1.6674592,6.991753099,6.793151657,0.281362213,0.147731167,-0.148637787,0.355591292
3_5_417,0.8,11606,0.9,3,1,1,2.087038655,1,3.3349184,10.66369516,9.86928939,0.254651973,0.130174795,-0.175348027,0.331503652
3_5_420,0.916666667,13251,4.866666667,1,0,1,1.987226154,0,2.2217888,4.225478484,3.872882378,0.465794424,0.323413051,0.035794424,0.535733401
3_5_419,0.583333333,13327,7.333333333,1,0,0,2.676296878,0,0,2.361769822,2.361769822,0.379575357,0.229288066,-0.050424643,0.449745614
3_6_437,1,6834,2.966666667,5,0,1,1.309136363,1,3.3349184,6.775696958,5.981291191,0.408886269,0.259009029,-0.021113731,0.47889881
3_6_433,0.916666667,6867,4.666666667,5,0,1,1.78707713,1,2.7805888,6.911057048,6.358794614,0.363516426,0.214054019,-0.066483574,0.433905491
3_6_434,0.916666667,6877,4.3,5,0,1,1.970889848,1,2.2217888,7.701697081,7.349100976,0.338138274,0.191508265,-0.091861726,0.409158084
3_6_443,0.933333333,6882,4.633333333,5,0,1,1.944776539,1,2.2217888,7.333880632,6.981284527,0.353239375,0.204698449,-0.076760625,0.423836795
3_6_435,0.8,6900,5.633333333,5,0,0,2.135572486,1,1.6674592,7.903521834,7.704920392,0.288207919,0.152534873,-0.141792081,0.361890475
3_6_438,0.95,7102,3.3,3,1,1,2.085954387,1,0,8.86928518,8.86928518,0.318991636,0.175730495,-0.111008364,0.390780298
3_6_439,0.966666667,7114,1.633333333,3,1,1,2.462085109,1,0,7.885819603,7.885819603,0.344233652,0.196752718,-0.085766348,0.415065049
3_6_440,0.95,7156,1.433333333,3,1,1,3.446495695,1,0,8.581347674,8.581347674,0.324299184,0.179998967,-0.105700816,0.395846149
3_6_441,0.816666667,7590,2.7,1,1,1,1.746329979,0,11.1134144,7.562370399,0.5,1.154941076,0.954876374,0.724941076,0.947834784
3_6_460,0.666666667,12389,11.33333333,1,0,1,1.53023906,0,0,7.233041148,7.233041148,0.247883873,0.126017596,-0.182116127,0.325531771
3_7_507,0.916666667,11817,0,1,1,1,1.707098615,1,5.5567072,9.97366,7.768160364,0.328891272,0.18375698,-0.101108728,0.400247272
3_7_509,0.916666667,12472,3.6,1,1,1,1.302032292,0,0,6.774825206,6.774825206,0.352178137,0.203749872,-0.077821863,0.422800518
3_7_513,0.85,13812,2.6,1,1,1,2.641491604,1,0,3.990727518,3.990727518,0.425493459,0.276921048,-0.004506541,0.495493581
3_7_518,0.933333333,15179,1.133333333,1,0,1,1.209456758,0,5.5567072,11.42201145,9.216511815,0.307435125,0.166712658,-0.122564875,0.379832438
3_7_519,0.7,15612,1.633333333,1,0,1,2.643608709,0,3.889248,10.91759149,9.837145062,0.223184229,0.111799865,-0.206815771,0.304224087
3_8_527,0.966666667,2183,4.033333333,1,0,1,2.077271623,1,2.7805888,5.771871471,5.219609037,0.423114351,0.274308607,-0.006885649,0.493114786
3_8_532,0.616666667,5866,4.2,4,1,1,1.422601539,1,1.1131296,7.215288132,7.126784024,0.230995583,0.116137744,-0.199004417,0.310878022
3_8_530,0.966666667,5923,6.666666667,4,0,1,1.73539669,0,0,3.884021419,3.884021419,0.490496525,0.353824729,0.060496525,0.560203034
3_8_529,0.916666667,5964,8.366666667,4,0,1,2.874311168,0,0,1.115706138,1.115706138,0.867833734,0.81352592,0.437833734,0.852121097
3_8_528,0.933333333,6002,9.466666667,4,0,0,1.966917371,1,0,1.776410493,1.776410493,0.700269339,0.634479211,0.270269339,0.746697809
3_8_533,0.883333333,6727,3.7,1,0,0,2.27911655,1,0.5543296,11.27311307,11.2511644,0.263345489,0.13568517,-0.166654511,0.339254531
3_8_534,1,6992,3.7,1,1,0,1.336400126,0,0,10.08611226,10.08611226,0.314874942,0.172474886,-0.115125058,0.386867162
3_8_535,0.983333333,7583,3.833333333,1,1,0,1.126045877,0,0,9.744489839,9.744489839,0.315007728,0.172579148,-0.114992272,0.386993157
3_8_550,0.966666667,13044,3.133333333,1,1,1,1.426744682,0,2.2217888,6.24241712,5.889821014,0.398314113,0.248006565,-0.031685887,0.468356462
3_8_552,0.583333333,13743,3.466666667,1,0,1,2.884521742,1,7.778496,8.717110408,4.395324692,0.27824112,0.145582895,-0.15175888,0.352735732
3_8_554,0.916666667,15165,3.733333333,2,1,1,1.348408376,0,1.6674592,5.568298702,5.36969726,0.395582015,0.24521475,-0.034417985,0.465636274
3_8_555,0.916666667,15168,3.633333333,2,0,1,1.277781423,0,1.6674592,4.483334652,4.284733211,0.442842757,0.296428214,0.012842757,0.512839934
3_9_587,0.933333333,2568,3.833333333,1,1,0,2.993626407,0,0,3.234352124,3.234352124,0.518971044,0.39039331,0.088971044,0.588043745
3_9_616,0.933333333,11161,4.066666667,2,1,1,2.001272644,1,5.2795424,6.903387189,4.91241805,0.421103758,0.272112815,-0.008896242,0.491104697
3_9_617,0.866666667,11174,3.1,2,1,1,2.031163093,1,5.0023776,5.508026316,3.720613341,0.449308696,0.303898404,0.019308696,0.519299103
3_9_618,0.933333333,12700,3.4,1,1,1,1.584481158,0,1.1131296,8.085284911,7.996780804,0.330049577,0.184714446,-0.099950423,0.401359987
3_9_620,0.983333333,14012,4.2,3,0,1,1.566276735,0,0,3.605288505,3.605288505,0.51788192,0.388968668,0.08788192,0.586987988
3_9_621,0.933333333,14018,3.5,3,0,1,1.788045862,0,0,2.647456686,2.647456686,0.573617437,0.463787492,0.143617437,0.639793905
3_9_622,1,14037,3.466666667,3,0,1,1.780049912,0,0,2.785778971,2.785778971,0.599137733,0.498814386,0.169137733,0.662968467
3_9_623,0.833333333,14259,5.133333333,1,0,0,2.197131892,1,0.5543296,5.930824968,5.908876303,0.342820122,0.195526936,-0.087179878,0.41369297
3_10_632,0.983333333,842,0.933333333,1,0,1,2.19572603,0,2.2217888,4.422585251,4.069989146,0.487420887,0.349966806,0.057420887,0.557169777
3_10_631,0.95,883,4.166666667,2,0,0,2.072439029,0,0,2.465063357,2.465063357,0.605075492,0.506978348,0.175075492,0.668254719
3_10_630,1,884,4.466666667,2,0,0,2.02937804,1,0,3.151483882,3.151483882,0.563303507,0.449712912,0.133303507,0.63023242
3_10_636,0.95,1591,1.6,2,1,1,1.722404479,0,8.337296,4.735886322,0.5,1.343502884,0.983524463,0.913502884,0.974766157
3_10_633,1,1632,1.5,2,0,0,1.741734318,0,6.1110368,3.962368213,1.294884587,0.878788711,0.822494166,0.448788711,0.857558113
3_10_635,0.966666667,2157,5.2,2,1,0,1.709678132,0,0,11.27373935,11.27373935,0.287900718,0.152316589,-0.142099282,0.361606762
3_10_634,0.866666667,2176,3.5,2,0,0,2.002841297,1,0,10.73266111,10.73266111,0.264544286,0.136460266,-0.165455714,0.340330251
3_10_673,0.833333333,12440,12.83333333,10,1,0,1.643697586,0,0,4.716356344,4.716356344,0.383720895,0.233342097,-0.046279105,0.453852602
3_10_684,0.966666667,12440,11.2,10,0,1,1.78913967,0,0,8.102943172,8.102943172,0.339590355,0.192747876,-0.090409645,0.41056297
3_10_685,0.966666667,12445,12.76666667,10,0,1,1.589995857,0,0,7.779192935,7.779192935,0.346584768,0.198804385,-0.083415232,0.41735013
3_10_683,0.983333333,12448,12.83333333,10,0,1,1.801799404,0,0,7.452526563,7.452526563,0.360204385,0.211005378,-0.069795615,0.430654218
3_10_686,0.95,12452,9.2,10,0,1,1.667033773,0,0,8.181186652,8.181186652,0.33213562,0.186448512,-0.09786438,0.403366482
3_10_688,0.9,12465,13.46666667,10,0,1,1.634876979,0,0,6.383441221,6.383441221,0.356217357,0.207377784,-0.073782643,0.426748285
3_10_692,0.866666667,12466,13.43333333,10,1,1,1.500943069,0,0,8.96107898,8.96107898,0.289515581,0.153466911,-0.140484419,0.363099237
3_10_690,0.916666667,12481,14.03333333,10,1,0,1.552833047,0,0,7.849192621,7.849192621,0.327189189,0.182357007,-0.102810811,0.398614052
3_10_687,0.983333333,12486,14.26666667,10,1,0,1.719632321,0,0,5.442853114,5.442853114,0.421490174,0.272533968,-0.008509826,0.491490995
3_10_675,0.966666667,12500,14.43333333,10,0,1,1.436842357,0,0,6.944789476,6.944789476,0.366815096,0.217122084,-0.063184904,0.437149302
3_10_691,0.9,12500,15.16666667,10,0,1,1.692583603,0,0,6.10898032,6.10898032,0.364131413,0.214623612,-0.065868587,0.434509829
3_10_689,0.666666667,12552,16.5,10,0,1,1.824243023,1,0,3.755408861,3.755408861,0.344017177,0.19656462,-0.085982823,0.414854836
3_10_674,0.966666667,12561,16.46666667,10,0,1,1.600306393,0,0,4.09182,4.09182,0.47787959,0.338124735,0.04787959,0.547733776
3_10_678,0.866666667,13489,3.533333333,1,0,0,2.574994888,1,0,11.50421343,11.50421343,0.255519252,0.130715857,-0.174480748,0.332272888
3_10_677,0.9,13593,4.366666667,5,0,1,1.359873624,1,0,12.51885299,12.51885299,0.254366691,0.129997236,-0.175633309,0.331250816
3_10_672,0.866666667,13606,4.8,5,0,0,1.163931887,0,0,12.21351501,12.21351501,0.247988623,0.126081062,-0.182011377,0.325623774
3_10_671,0.85,13617,5.166666667,5,0,1,1.263458328,0,0,12.39999841,12.39999841,0.241383795,0.122132502,-0.188616205,0.319849218
3_10_679,0.85,13621,5.3,5,1,0,1.496326801,0,0,12.02812744,12.02812744,0.245086797,0.12433298,-0.184913203,0.323080068
3_10_676,0.916666667,13647,6.166666667,5,0,1,1.504210948,1,0,12.46959897,12.46959897,0.259588349,0.133279967,-0.170411651,0.335893897
3_10_681,0.833333333,13726,7.6,2,0,0,1.711096133,0,0.5543296,11.93091,11.90896134,0.241480358,0.122189456,-0.188519642,0.319933252
3_10_682,0.9,13739,8.033333333,2,1,0,1.791094817,1,0.5543296,12.12904618,12.10709752,0.25865596,0.132688695,-0.17134404,0.335062457
3_10_660,0.966666667,14573,3.066666667,1,0,1,1.610624569,1,0,8.680657815,8.680657815,0.328095614,0.183101513,-0.101904386,0.399483527
3_11_709,0.716666667,7923,3.166666667,2,1,1,1.450100137,1,3.3349184,6.934157884,6.139752117,0.289228967,0.153262229,-0.140771033,0.362834152
3_11_708,0.4,7933,4.1,2,1,1,1.511405363,1,3.3349184,7.243165894,6.448760127,0.157514986,0.080641141,-0.272485014,0.251629567
3_11_711,0.9,14506,3.4,5,0,0,1.416612721,0,0,11.46798864,11.46798864,0.265765671,0.137253798,-0.164234329,0.341427936
3_11_710,0.933333333,14528,4.133333333,5,1,1,1.385361524,1,0,11.85613532,11.85613532,0.271059856,0.140738373,-0.158940144,0.346205494
3_11_714,0.916666667,14534,3.6,5,0,0,1.598449495,0,0,11.20514149,11.20514149,0.273843708,0.142600176,-0.156156292,0.348730261
3_11_712,0.883333333,14542,4.6,5,0,0,1.434658524,0,0,11.71985643,11.71985643,0.258026002,0.132290469,-0.171973998,0.334501284
3_11_713,0.85,14579,5.6,5,0,0,1.923347944,1,0,11.15957965,11.15957965,0.254445637,0.130046351,-0.175554363,0.331320773
3_11_715,0.783333333,14985,19.13333333,1,1,0,1.748627279,1,0,11.20727313,11.20727313,0.23398964,0.117838825,-0.19601036,0.313449518
3_12_738,0.783333333,3922,0.633333333,1,0,0,1.688624987,1,5.0023776,6.54698823,4.759575255,0.359056265,0.209956018,-0.070943735,0.429528543
3_12_740,0.933333333,5416,2.3,1,1,1,1.582606701,0,3.889248,3.350946656,2.270500227,0.619406847,0.526659109,0.189406847,0.680838392
3_12_741,0.7,5766,4.033333333,1,0,1,2.239331769,0,0,1.38213007,1.38213007,0.595420225,0.493703142,0.165420225,0.659637878
3_12_742,0.733333333,5904,2.933333333,2,0,1,2.045927077,0,0,1.1372525,1.1372525,0.687658754,0.618249099,0.257658754,0.737038988
3_12_743,0.966666667,5916,2.2,2,0,0,1.753243711,0,0,2.108103161,2.108103161,0.665780105,0.589473814,0.235780105,0.719729537
3_12_744,0.966666667,6862,3.733333333,1,0,0,1.8373143,0,0,0.728174057,0.728174057,1.132815394,0.949332993,0.702815394,0.943281353
3_12_745,0.833333333,6949,2.966666667,1,0,0,2.130662033,0,0,0.864495933,0.864495933,0.896266732,0.836096614,0.466266732,0.865886448
3_12_746,0.933333333,7483,4.2,3,0,1,0.514039891,0,0,9.260463727,9.260463727,0.306704684,0.166155306,-0.123295316,0.37914443
3_12_747,0.883333333,7491,4.466666667,3,1,1,1.576754728,1,0,7.847135932,7.847135932,0.315332716,0.172834535,-0.114667284,0.387301589
3_12_750,0.983333333,7495,4.6,3,1,0,1.812142067,0,0,9.304238937,9.304238937,0.322374242,0.178441597,-0.107625758,0.394006218
3_12_749,0.9,7537,6,2,0,1,1.63277538,1,0.5543296,7.514829755,7.49288109,0.328789613,0.183673132,-0.101210387,0.400149664
3_12_748,1,7586,3.433333333,2,1,1,2.091459039,0,1.1131296,8.48069734,8.392193233,0.345193224,0.197588138,-0.084806776,0.415997235
3_13_813,0.866666667,18500,4.3,1,0,0,2.390393526,0,0,0.788837616,0.788837616,0.975794323,0.88764105,0.545794323,0.898728622
3_13_814,0.983333333,18602,2.566666667,1,0,0,1.99937224,0,0,1.430951748,1.430951748,0.822031134,0.7722696,0.392031134,0.827516082
3_14_826,0.233333333,13948,14.73333333,1,1,1,2.070985809,1,0.5543296,1.739886933,1.717938269,0.178021726,0.089408348,-0.251978274,0.26738846
3_15_831,0.933333333,3185,3.4,6,0,1,1.663009075,0,0,4.1341448,4.1341448,0.459033028,0.315329766,0.029033028,0.529000442
3_15_827,1,3203,4,6,0,0,1.992592557,0,0,5.131107586,5.131107586,0.441463131,0.294848132,0.011463131,0.511461124
3_15_829,0.866666667,3223,4.666666667,6,0,0,2.380802959,0,0,1.367772424,1.367772424,0.741046007,0.684764075,0.311046007,0.776291465
3_15_828,0.966666667,3231,4.933333333,6,0,1,1.849082967,0,0,3.437465874,3.437465874,0.521383815,0.393556001,0.091383815,0.590379701
3_15_830,0.983333333,3243,0.933333333,6,0,0,1.565880209,0,0,5.110603143,5.110603143,0.434975386,0.287483956,0.004975386,0.504975222
3_15_832,0.916666667,3259,4.7,6,0,1,1.828623061,0,0,4.17538875,4.17538875,0.448603834,0.303078926,0.018603834,0.518595253
3_15_834,0.866666667,3328,3.3,2,0,1,1.350832168,0,0,4.899094852,4.899094852,0.391556258,0.241139826,-0.038443742,0.461631835
3_15_833,0.983333333,3356,3.633333333,2,0,1,1.394738834,0,0,5.758740466,5.758740466,0.409767026,0.259939822,-0.020232974,0.479778063
3_15_835,0.933333333,3514,3.066666667,1,0,1,1.682889144,0,0,5.599199046,5.599199046,0.394433527,0.244047512,-0.035566473,0.464493394
3_15_838,0.9,3982,15.1,1,0,1,0.451250454,0,0,8.786577821,8.786577821,0.303621576,0.163819219,-0.126378424,0.376245807
3_15_840,0.983333333,3991,10.73333333,4,0,1,0.90349158,0,0,7.672285985,7.672285985,0.355008188,0.206286765,-0.074991812,0.42556549
3_15_836,1,4015,4.866666667,4,0,0,0.496163336,0,0,9.06081638,9.06081638,0.33221278,0.186512893,-0.09778722,0.403440762
3_15_837,0.9,4061,16.26666667,4,0,0,0.577623599,0,0,8.480506231,8.480506231,0.309052044,0.167951742,-0.120947956,0.381357142
3_15_839,0.9,4078,17.03333333,4,0,1,1.187339187,0,0,5.789204437,5.789204437,0.374052935,0.223964821,-0.055947065,0.444285262
3_15_842,0.983333333,4144,5.233333333,3,0,1,0.889624883,1,0,8.032040327,8.032040327,0.34696672,0.199139205,-0.08303328,0.417721693
3_15_843,0.966666667,4163,5.866666667,3,0,1,0.882762606,1,0,7.964193819,7.964193819,0.342535693,0.195280986,-0.087464307,0.413417044
3_15_841,0.783333333,4171,4.166666667,3,0,1,0.886157312,1,0,7.00870991,7.00870991,0.295888145,0.158075816,-0.134111855,0.369014389
3_15_858,0.683333333,5473,1.8,2,0,1,1.885385679,0,3.889248,4.403555661,3.323109232,0.374852402,0.22472998,-0.055147598,0.445074943
3_15_859,0.7,5510,2.966666667,2,0,1,1.620028815,1,1.1131296,4.23807226,4.149568152,0.343634365,0.196232323,-0.086365635,0.414483174
3_15_862,0.816666667,5580,5.333333333,2,0,1,1.551849445,1,0,7.081407752,7.081407752,0.306891619,0.166297802,-0.123108381,0.37932046
3_15_861,0.7,5596,5.766666667,2,0,1,2.358266709,1,0,2.410532245,2.410532245,0.450859855,0.305706181,0.020859855,0.520847761
3_15_890,0.883333333,7764,1.633333333,2,0,1,2.242268196,0,0,7.857901399,7.857901399,0.315116636,0.172664698,-0.114883364,0.387096507
3_15_891,0.933333333,7794,2.766666667,2,0,0,2.125602427,1,0,7.390206245,7.390206245,0.343327426,0.195966193,-0.086672574,0.414185245
3_15_892,0.966666667,7816,5.2,2,0,0,2.272534134,1,0,6.002077441,6.002077441,0.394571712,0.244187753,-0.035428288,0.464630884
3_16_902,0.683333333,2215,0.8,1,0,1,4.509297644,0,4.4435776,5.811762331,4.40137791,0.325715388,0.181151503,-0.104284612,0.397201697
3_16_918,0.983333333,2559,2.133333333,2,0,1,1.518726024,0,6.3904368,7.788375414,4.871398092,0.44552692,0.299516366,0.01552692,0.515521931
3_16_919,0.833333333,2567,3.066666667,2,0,1,1.622398158,0,6.1110368,4.119918522,1.452434896,0.691465341,0.623178027,0.261465341,0.739979376
3_16_928,0.933333333,2634,1.566666667,2,0,0,2.157960549,0,0.5543296,8.170599207,8.148650542,0.326959477,0.182168703,-0.103040523,0.398393805
3_16_920,0.916666667,2651,2.766666667,2,0,1,1.993672005,0,0,6.867618269,6.867618269,0.349790786,0.20162793,-0.080209214,0.420471813
3_16_921,1,2782,2.6,4,1,1,1.832105116,0,0,7.32208012,7.32208012,0.369558131,0.219697463,-0.060441869,0.43985083
3_16_929,0.983333333,2805,3.166666667,4,1,1,1.558359163,0,0,8.33270003,8.33270003,0.340649603,0.193655981,-0.089350397,0.411588714
3_16_922,1,2816,3.166666667,4,1,0,1.744027976,0,0,6.947250083,6.947250083,0.379396687,0.229114456,-0.050603313,0.449568755
3_16_930,0.9,2817,1.533333333,4,0,0,1.511962583,0,0,8.10106866,8.10106866,0.316206908,0.173522989,-0.113793092,0.388131695
3_16_931,0.9,2871,3.333333333,1,0,1,1.874209874,0,0,7.956559686,7.956559686,0.3190655,0.175789348,-0.1109345,0.39085064
3_16_933,0.983333333,3066,4.3,3,0,0,1.647316853,0,0,7.909334456,7.909334456,0.349647793,0.201501359,-0.080352207,0.420332444
3_16_934,0.983333333,3075,4.3,3,0,0,1.749674556,0,0,7.54094053,7.54094053,0.358086545,0.209072703,-0.071913455,0.428578348
3_16_932,0.966666667,3105,4.1,3,1,1,1.734735251,0,0,7.685936593,7.685936593,0.34868105,0.200647205,-0.08131895,0.419390535
3_16_935,1,3177,3.1,1,0,0,2.009258021,0,0,7.342252045,7.342252045,0.369050124,0.219218855,-0.060949876,0.439350236
3_16_923,0.966666667,3248,2.766666667,2,0,1,1.704968197,0,0,6.395247769,6.395247769,0.382250494,0.23189847,-0.047749506,0.452395126
3_16_936,1,3280,4.766666667,2,0,0,1.706533587,0,0,6.824414064,6.824414064,0.382795933,0.232433249,-0.047204067,0.452935677
3_16_937,0.95,3391,3.933333333,1,0,0,1.844410548,0,0,7.279458133,7.279458133,0.35210653,0.203685984,-0.07789347,0.422730619
3_16_938,0.966666667,3485,3.133333333,1,1,0,2.357343055,0,0,7.403011518,7.403011518,0.355281448,0.206532953,-0.074718552,0.425832716
3_16_939,0.983333333,3619,4.1,2,0,1,1.785773156,1,0,7.596523817,7.596523817,0.356774092,0.20788155,-0.073225908,0.427293159
3_16_940,0.983333333,3664,4.333333333,2,0,0,2.104718356,1,0,6.303389279,6.303389279,0.391664038,0.241248318,-0.038335962,0.461738982
3_16_941,0.933333333,3730,3.333333333,3,0,1,2.053662537,0,0,7.511967621,7.511967621,0.340533563,0.193556341,-0.089466437,0.411476307
3_16_924,0.983333333,3779,2.9,3,1,0,1.594326994,0,0,6.900345884,6.900345884,0.37433922,0.224238608,-0.05566078,0.444568011
3_16_925,1,3828,2.233333333,3,0,0,2.285475373,0,0,7.213180462,7.213180462,0.372337348,0.222329122,-0.057662652,0.442591632
3_16_943,0.983333333,4346,12.33333333,2,0,1,1.893839096,1,0,7.322014854,7.322014854,0.363400448,0.213946725,-0.066599552,0.433791543
3_16_942,1,4389,12,2,1,1,1.882419208,0,0,5.821964857,5.821964857,0.414443383,0.264918062,-0.015556617,0.484448401
3_16_903,0.983333333,5088,7.866666667,1,0,1,1.208893258,1,0.5543296,7.899914578,7.877965914,0.350343216,0.202117471,-0.079656784,0.421010362
3_16_906,0.716666667,9684,3.2,1,0,1,2.558849462,1,2.7805888,7.33777,6.785507566,0.275122453,0.143462244,-0.154877547,0.34989286
3_16_913,0.983333333,15313,8.9,3,0,1,1.939379771,0,0,3.242874743,3.242874743,0.546054102,0.426363797,0.116054102,0.614013948
3_16_914,0.983333333,15332,7.933333333,3,0,1,1.642385999,1,0,3.992126842,3.992126842,0.492151253,0.355908274,0.062151253,0.561833117
3_16_915,1,15338,3.266666667,3,1,1,1.783994519,0,0,6.70878373,6.70878373,0.386080711,0.235671985,-0.043919289,0.456193318
3_16_916,0.866666667,15557,3.066666667,1,0,1,2.253805532,0,0,5.953550658,5.953550658,0.355192729,0.206452999,-0.074807271,0.425745951
3_17_961,0.833333333,9603,3.566666667,1,1,1,1.672734477,0,0,9.042664214,9.042664214,0.277121711,0.144818736,-0.152878289,0.351714104
3_17_963,0.966666667,9697,3.366666667,1,0,0,4.907811206,0,0,6.416261935,6.416261935,0.381624019,0.231285298,-0.048375981,0.451774404
3_17_966,0.95,11075,3.133333333,1,0,1,1.782008903,1,5.5567072,5.943059542,3.737559906,0.491393632,0.354953635,0.061393632,0.561086943
3_18_969,0.9,9601,3.2,1,0,0,1.537451876,0,0,4.926709194,4.926709194,0.405474965,0.255424443,-0.024525035,0.475494615
3_18_970,0.583333333,9739,3.2,1,1,1,1.611090454,0,0,4.713876478,4.713876478,0.268675271,0.139159796,-0.161324729,0.344049696
3_19_995,0.916666667,7459,1.933333333,1,0,0,6.815598861,0,5.0023776,13.55218731,11.76477433,0.267251184,0.138224159,-0.162748816,0.342765292
3_19_996,0.733333333,7968,5.066666667,1,0,0,2.152898416,0,0,10.06636779,10.06636779,0.231134635,0.116216273,-0.198865365,0.310997193
4_1_1026,0.966666667,13492,3.233333333,1,0,1,1.757629486,0,0,8.575171391,8.575171391,0.33010746,0.184762394,-0.09989254,0.401415618
4_1_1027,1,13826,2.8,1,0,1,1.600716489,0,0,7.392332494,7.392332494,0.367797907,0.21804231,-0.062202093,0.438116821
4_1_1028,0.983333333,14060,1.266666667,1,1,1,2.283163673,0,0,6.48428363,6.48428363,0.3861622,0.235752727,-0.0438378,0.456274183
4_2_1059,0.783333333,2528,0.4,4,1,1,0.98293029,0,6.1110368,7.872525931,5.205042305,0.343347963,0.195983991,-0.086652037,0.414205178
4_2_1062,0.933333333,2567,0.566666667,4,1,1,1.422128675,0,5.5567072,6.486289424,4.280789788,0.451102076,0.305989016,0.021102076,0.521089556
4_2_1060,0.783333333,2626,1,4,1,1,2.099072496,1,3.3349184,6.453454667,5.6590489,0.329287227,0.184083847,-0.100712773,0.400627527
4_2_1061,0.75,2639,0.733333333,4,0,1,2.184469801,1,2.7805888,6.90967875,6.357416316,0.29745477,0.15922594,-0.13254523,0.370474692
4_2_1067,0.983333333,3527,2.433333333,1,0,1,1.435641468,1,1.6674592,5.014856157,4.816254716,0.448070176,0.302459323,0.018070176,0.518062313
4_2_1081,0.9,10788,5.633333333,2,0,1,1.724608674,0,0,3.134544133,3.134544133,0.508341206,0.376572153,0.078341206,0.577706363
4_2_1082,0.916666667,10790,5.566666667,2,0,0,1.867100683,0,0,4.655608872,4.655608872,0.424837843,0.276199602,-0.005162157,0.494838027
4_2_1083,0.966666667,11202,4.533333333,1,0,0,2.290602618,0,0,5.133530645,5.133530645,0.426646968,0.2781932,-0.003353032,0.496647018
4_2_1084,0.916666667,11715,1.233333333,1,1,0,2.022641906,0,0,4.332457941,4.332457941,0.440396908,0.293630353,0.010396908,0.51039541
4_2_1086,1,11821,1.366666667,1,0,1,1.690953615,0,0,4.23128,4.23128,0.48614309,0.348369723,0.05614309,0.55590832
4_2_1087,0.983333333,12102,3.533333333,1,0,0,2.939687472,0,0,4.641484094,4.641484094,0.456428052,0.312244746,0.026428052,0.526403468
4_2_1089,0.866666667,12366,10.46666667,2,0,1,3.192297438,1,0,4.2515775,4.2515775,0.420317085,0.271256681,-0.009682915,0.490318295
4_2_1088,0.866666667,12386,8.766666667,2,0,0,3.43024959,0,0,3.209212482,3.209212482,0.48378551,0.345431994,0.05378551,0.553579006
4_2_1092,0.816666667,12763,1.833333333,2,0,1,1.70675621,0,6.6698368,9.044792346,5.867169279,0.337155711,0.190672927,-0.092844289,0.408208294
4_2_1093,0.9,12799,2.866666667,3,0,1,2.215436818,1,5.0023776,5.948119653,4.160706678,0.441223829,0.294574559,0.011223829,0.511221944
4_2_1094,0.966666667,12825,3.6,3,0,1,2.791795847,1,2.7805888,5.275478723,4.723216289,0.44479288,0.298670018,0.01479288,0.514788565
4_2_1096,0.933333333,12849,3.633333333,3,0,0,3.301288822,1,1.1131296,5.690955266,5.602451159,0.39431903,0.243931352,-0.03568097,0.464379476
4_2_1097,0.983333333,13243,0.466666667,4,1,1,2.660674718,1,6.6698368,7.982388865,4.804765798,0.448605558,0.303080929,0.018605558,0.518596975
4_2_1098,0.95,13257,0.466666667,4,1,1,2.786536437,1,6.6698368,7.562108855,4.384485788,0.453695291,0.309026189,0.023695291,0.523677568
4_2_1099,0.9,13298,0.3,4,1,1,2.324074218,1,5.0023776,10.3358868,8.548473825,0.30782098,0.167007682,-0.12217902,0.380196073
4_2_1100,0.816666667,13329,0.766666667,4,0,1,2.518281201,1,3.889248,10.00270374,8.922257308,0.273405633,0.142305842,-0.156594367,0.348332389
4_2_1101,0.966666667,13408,1.233333333,1,1,1,2.605676973,1,3.889248,8.452318824,7.371872395,0.35603102,0.207209377,-0.07396898,0.426565957
4_2_1102,0.766666667,13524,0.8,2,1,1,2.788074847,1,5.5567072,9.794254012,7.588754375,0.278305208,0.145626745,-0.151694792,0.352794263
4_2_1103,0.866666667,13555,0.633333333,2,1,1,2.875629999,0,6.6698368,9.006565667,5.8289426,0.358969214,0.209876612,-0.071030786,0.429443223
4_2_1121,1,15376,1.966666667,2,0,1,2.425344735,1,1.1131296,5.099182813,5.010678705,0.446736793,0.300914341,0.016736793,0.516730545
4_2_1120,1,15387,3.5,2,0,0,2.606516145,1,1.1131296,4.203379379,4.114875272,0.49297133,0.356942902,0.06297133,0.562640488
4_3_1123,0.783333333,937,3.233333333,1,1,0,1.546351061,0,2.7805888,7.997264762,7.445002328,0.287087437,0.151739944,-0.142912563,0.360856125
4_3_1154,0.733333333,14122,2.533333333,1,1,1,1.562571585,0,1.6674592,5.706093,5.507491558,0.312481641,0.170604236,-0.117518359,0.384598862
4_4_1167,0.966666667,531,1.533333333,3,1,1,1.573608473,1,1.6674592,3.265055344,3.066453902,0.552024716,0.434414075,0.122024716,0.619658471
4_4_1168,1,535,1.5,3,1,1,1.391456616,0,1.6674592,3.879714593,3.681113151,0.521207212,0.393324201,0.091207212,0.590208857
4_4_1169,0.966666667,549,3.466666667,3,1,1,1.207239432,0,1.1131296,5.024971007,4.936466899,0.435079508,0.287601274,0.005079508,0.505079333
4_4_1180,0.933333333,3998,9.266666667,2,0,1,2.150197293,1,3.3349184,2.731805522,1.937399756,0.670543808,0.595798966,0.240543808,0.723557111
4_4_1179,1,3998,2.9,2,1,1,1.908526598,0,3.3349184,1.395867346,0.601461579,1.289424907,0.977943337,0.859424907,0.968862192
4_5_1213,0.933333333,11060,3.266666667,7,1,1,1.566806569,0,1.6674592,8.573177848,8.374576406,0.322519035,0.178558374,-0.107480965,0.394144513
4_5_1211,0.9,11065,5.666666667,7,0,1,1.605194753,0,1.6674592,7.471301143,7.272699701,0.333729565,0.187781949,-0.096270435,0.40490183
4_5_1214,0.966666667,11103,3.566666667,7,1,0,2.654499602,0,1.1131296,4.322175846,4.233671739,0.46980556,0.32825911,0.03980556,0.539721678
4_5_1218,0.933333333,11119,3.533333333,7,1,1,1.804518258,0,0.5543296,8.691226857,8.669278192,0.316989814,0.174141391,-0.113010186,0.38887567
4_5_1217,0.833333333,11121,3.6,7,0,1,1.82534739,0,0.5543296,8.412835113,8.390886449,0.287683419,0.152162341,-0.142316581,0.361406134
4_5_1215,1,11139,4.466666667,7,0,1,1.777070455,0,0,7.713937143,7.713937143,0.360049284,0.210863395,-0.069950716,0.430502108
4_5_1216,0.983333333,11158,3.433333333,7,0,1,1.384777708,0,0,8.58409493,8.58409493,0.335624384,0.18937661,-0.094375616,0.406729413
4_5_1219,0.983333333,11399,3,1,0,1,2.037838045,0,0,7.730739961,7.730739961,0.35366349,0.205078456,-0.07633651,0.424251123
4_5_1221,0.966666667,13535,3.833333333,2,0,0,2.448194003,0,0,5.456566474,5.456566474,0.41382528,0.264256572,-0.01617472,0.48383092
4_5_1222,0.816666667,13540,4.466666667,2,1,0,2.609750652,0,0,4.794932797,4.794932797,0.372952538,0.222914683,-0.057047462,0.443198797
4_5_1226,0.966666667,14965,3.1,3,1,1,1.315528652,0,3.889248,6.700443636,5.619997207,0.407763824,0.257825964,-0.022236176,0.477778472
4_5_1228,0.933333333,14981,1.833333333,3,0,1,1.954663934,1,3.889248,8.273382013,7.192935584,0.348003564,0.200050238,-0.081996436,0.418730803
4_5_1225,0.983333333,15024,4.566666667,3,0,1,1.508361446,1,1.6674592,3.931060881,3.732459439,0.508982925,0.377401107,0.078982925,0.578332457
4_6_1232,0.533333333,3038,19.1,4,0,0,7.59640496,0,0.5543296,8.904588596,8.882639932,0.17894835,0.08982414,-0.25105165,0.268115158
4_6_1233,0.55,3039,19.13333333,4,0,0,7.843566666,0,0.5543296,9.214404737,9.192456072,0.18140402,0.090934483,-0.24859598,0.270047042
4_6_1234,0.8,3089,4.2,4,0,1,2.710084308,1,1.6674592,3.005296496,2.806695054,0.477520887,0.337683354,0.047520887,0.547378317
4_6_1235,0.883333333,3098,2.033333333,4,1,1,3.37767383,1,1.6674592,7.299009496,7.100408054,0.331499567,0.185918454,-0.098500433,0.402754337
4_6_1238,0.9,5664,4.233333333,2,1,1,3.08049847,1,0.5543296,3.167689027,3.145740362,0.507435763,0.375403756,0.077435763,0.576822542
4_6_1239,0.966666667,5675,4.6,2,1,1,3.157313445,1,0.5543296,3.941732407,3.919783743,0.488253865,0.351009738,0.058253865,0.557991708
4_6_1244,0.966666667,6113,1.866666667,10,1,1,1.942514972,0,3.889248,7.217844177,6.137397748,0.390197613,0.23977506,-0.039802387,0.460281475
4_6_1243,0.8,6120,3,10,0,1,1.926732477,0,3.889248,7.500959762,6.420513333,0.315722193,0.173140994,-0.114277807,0.387671344
4_6_1248,0.983333333,6129,0.8,10,1,1,1.747010652,1,3.889248,6.103757729,5.0233113,0.438738468,0.291742033,0.008738468,0.508737579
4_6_1245,0.916666667,6133,2.233333333,10,1,1,1.549556376,0,3.889248,7.643046994,6.562600565,0.357827285,0.208837006,-0.072172715,0.428324396
4_6_1240,0.95,6135,2.966666667,10,1,1,1.826171173,0,3.3349184,4.062150721,3.267744954,0.52553244,0.399014852,0.09553244,0.594386672
4_6_1242,0.933333333,6139,3.366666667,10,1,1,1.670514061,0,3.3349184,4.448506189,3.654100422,0.488254818,0.351010932,0.058254818,0.557992648
4_6_1249,1,6147,0.466666667,10,0,1,1.569568908,0,3.3349184,6.209143307,5.41473754,0.429745457,0.281628102,-0.000254543,0.499745457
4_6_1247,0.983333333,6155,2.766666667,10,1,1,1.696897333,0,3.3349184,5.233056026,4.438650259,0.466740297,0.324552447,0.036740297,0.536674314
4_6_1241,0.983333333,6171,5.566666667,10,1,1,1.820349604,0,2.2217888,3.566513125,3.21391702,0.548508588,0.42966875,0.118508588,0.616338188
4_6_1246,0.866666667,6180,4.466666667,10,1,1,1.600622873,1,2.2217888,3.340417748,2.987821643,0.501388951,0.367638578,0.071388951,0.570907773
4_6_1250,1,6305,4.2,1,0,0,1.806864016,0,0,5.611900729,5.611900729,0.422128826,0.273230928,-0.007871174,0.492129476
4_6_1253,0.966666667,7562,3.233333333,1,0,0,3.041992661,1,0,6.234470696,6.234470696,0.387147937,0.236730946,-0.042852063,0.457252548
4_6_1254,0.933333333,8158,3.233333333,1,1,1,2.764509638,1,6.1110368,9.968466667,7.30098304,0.345418908,0.19778501,-0.084581092,0.416216565
4_7_1289,0.683333333,1103,3.033333333,3,0,0,2.466421605,0,1.6674592,9.031797572,8.833196131,0.229918369,0.115530959,-0.200081631,0.309955676
4_7_1287,0.9,1143,2.533333333,3,1,1,1.540483502,1,2.7805888,10.33451266,9.782250227,0.287755164,0.152213254,-0.142244836,0.361472369
4_7_1288,0.9,1160,3.1,3,1,1,1.701466036,0,2.7805888,10.37521489,9.822952457,0.287158376,0.151790171,-0.142841624,0.360921573
4_7_1294,0.916666667,2362,3.566666667,1,0,0,2.867554343,0,4.4435776,9.09917264,7.688788219,0.330584502,0.185157921,-0.099415498,0.401874201
4_7_1295,0.816666667,2580,3.233333333,1,1,1,3.605819758,1,3.3349184,8.788123793,7.993718026,0.2888487,0.15299101,-0.1411513,0.362482576
4_7_1300,0.933333333,3717,3.566666667,1,1,0,1.707619863,0,1.1131296,10.14428584,10.05578173,0.294326155,0.156935821,-0.135673845,0.367560792
4_7_1301,1,3818,3.4,1,0,0,1.755861567,0,1.6674592,9.114529009,8.915927567,0.334901224,0.188766784,-0.095098776,0.406031606
4_7_1308,1,4621,3.5,2,0,1,1.864293075,0,0,5.462934319,5.462934319,0.427845541,0.27951885,-0.002154459,0.497845555
4_7_1305,0.883333333,4637,4.033333333,2,0,0,1.89617119,0,0,4.843332081,4.843332081,0.401377012,0.25116164,-0.028622988,0.471408238
4_7_1309,0.966666667,4981,3.566666667,2,0,1,2.269496885,1,0,6.827352368,6.827352368,0.369956434,0.22007324,-0.060043566,0.440243406
4_7_1310,1,4987,3.133333333,2,0,1,2.216854563,0,0,6.099139153,6.099139153,0.404916738,0.254840972,-0.025083262,0.474937759
4_7_1320,0.766666667,5461,0.966666667,1,0,1,1.664820921,0,0,2.12829732,2.12829732,0.525521432,0.399000334,0.095521432,0.594376057
4_7_1315,1,5917,4.9,1,0,0,2.623173842,1,0,0.927713394,0.927713394,1.038228835,0.917606235,0.608228835,0.919303072
4_7_1328,0.916666667,8126,4.433333333,1,1,1,3.21554378,0,2.7805888,8.784562625,8.232300191,0.31948527,0.176124105,-0.11051473,0.391250479
4_7_1331,1,10586,4.366666667,3,0,1,1.972236524,0,2.7805888,5.16804556,4.615783126,0.465454574,0.323004178,0.035454574,0.53539527
4_7_1330,0.916666667,10617,5.4,3,0,1,2.49447634,0,0.5543296,1.689373006,1.667424341,0.709885607,0.646655647,0.279885607,0.753903831
4_7_1332,0.933333333,10643,6.266666667,3,0,0,2.205801372,1,0,1.865895431,1.865895431,0.683271216,0.612537641,0.253271216,0.733623428
4_7_1335,0.85,10919,15.46666667,1,0,1,2.416496747,0,0,8.517923356,8.517923356,0.291240697,0.154703618,-0.138759303,0.364696529
4_7_1337,0.933333333,11123,2.4,2,0,0,1.822636807,0,0,7.587437348,7.587437348,0.338835744,0.192102919,-0.091164256,0.409832701
4_7_1340,0.866666667,11150,1.566666667,2,0,0,2.444204943,0,0,5.18765787,5.18765787,0.380510311,0.230198043,-0.049489689,0.450671296
4_7_1336,0.9,11587,3.366666667,4,0,1,1.568078025,0,0,10.16213784,10.16213784,0.282325411,0.148399414,-0.147674589,0.356474635
4_7_1339,0.783333333,11614,2.8,4,0,0,2.003205293,0,0,4.59748317,4.59748317,0.365331007,0.215737827,-0.064668993,0.435689211
4_7_1338,0.916666667,11624,4.233333333,4,0,0,1.466491841,0,0,10.84691041,10.84691041,0.27832897,0.145643007,-0.15167103,0.352815966
4_7_1341,0.95,11679,1.7,4,0,1,1.201212018,0,0,10.80611929,10.80611929,0.288993934,0.153094549,-0.141006066,0.362616835
4_7_1342,0.916666667,11863,4.033333333,1,0,1,1.898007936,0,0,7.084808645,7.084808645,0.344387498,0.196886479,-0.085612502,0.415214463
4_7_1343,0.883333333,11930,1.866666667,1,0,1,1.823481034,0,0,6.162661688,6.162661688,0.355828275,0.207026256,-0.074171725,0.426367597
4_7_1344,1,12033,1.6,1,0,0,1.580395257,0,0,6.605694341,6.605694341,0.389081663,0.238658044,-0.040918337,0.459172765
4_7_1345,0.983333333,12213,1.233333333,1,0,0,2.416262446,0,0,5.394520575,5.394520575,0.423374147,0.274593136,-0.006625853,0.493374534
4_7_1354,0.733333333,13255,4.5,1,0,0,6.965801508,0,3.3349184,6.956630435,6.162224668,0.295415081,0.157729849,-0.134584919,0.3685739
4_7_1363,0.816666667,16739,3.7,1,1,0,2.156520416,0,0,1.870586144,1.870586144,0.597112239,0.496029412,0.167112239,0.661155768
4_7_1365,0.966666667,17350,3.566666667,2,0,0,2.756963954,0,0,1.959468846,1.959468846,0.690569768,0.622020649,0.260569768,0.739289515
4_7_1366,0.983333333,17435,1.666666667,2,0,0,3.027365662,1,0,0.624445046,0.624445046,1.244381795,0.971916833,0.814381795,0.962942651
4_8_1392,1,8468,3.7,1,1,1,1.395707545,1,1.1131296,6.853602677,6.765098569,0.384470423,0.234080379,-0.045529577,0.454595847
4_8_1394,0.95,10201,1.2,2,1,1,1.679927669,0,3.3349184,7.262867003,6.468461237,0.373527959,0.223463385,-0.056472041,0.443766866
4_8_1395,1,10253,1,2,0,1,2.14388599,0,0,6.521790529,6.521790529,0.391576461,0.24116016,-0.038423539,0.461651919
4_8_1396,0.983333333,10370,2.933333333,1,0,1,2.258530552,0,0,2.235813976,2.235813976,0.657631985,0.578587084,0.227631985,0.713108184
4_8_1404,0.9,14976,24.36666667,2,0,1,1.891200935,0,0,5.191822979,5.191822979,0.39498679,0.244609337,-0.03501321,0.465043909
4_8_1405,0.933333333,14983,24.6,2,0,0,1.945968456,0,0,6.051826438,6.051826438,0.379396696,0.229114465,-0.050603304,0.449568764
4_9_1421,0.95,4011,1.7,1,0,1,2.236993503,1,5.5567072,5.637035207,3.431535571,0.512837002,0.382394646,0.082837002,0.582087332
4_9_1417,0.933333333,4914,2.666666667,2,0,1,1.858527714,0,4.4435776,7.629848072,6.219463652,0.374248708,0.224152022,-0.055751292,0.444478613
4_9_1413,0.816666667,4952,4.466666667,2,1,1,2.35621531,0,2.7805888,5.406664788,4.854402354,0.370661044,0.220739132,-0.059338956,0.440938069
4_9_1420,0.966666667,5613,1.166666667,1,1,1,1.708795989,0,0,8.050881975,8.050881975,0.340686569,0.193687731,-0.089313431,0.411624525
4_9_1423,0.95,5686,1.1,2,0,1,1.542022811,0,0,7.955022697,7.955022697,0.336823895,0.19039146,-0.093176105,0.4078877
4_9_1422,1,5696,2.2,2,0,1,1.574426938,0,0,7.266215821,7.266215821,0.370976034,0.22103728,-0.059023966,0.441248686
4_9_1426,0.983333333,6632,8.733333333,2,0,0,6.326077786,1,0,6.649450962,6.649450962,0.381336053,0.231003829,-0.048663947,0.451489133
4_9_1427,0.866666667,6641,9.033333333,2,0,0,6.905778132,1,0,7.008701515,7.008701515,0.327365803,0.182501887,-0.102634197,0.398783417
4_9_1453,0.95,10290,3.966666667,2,1,1,1.547212663,1,1.1131296,4.371253588,4.282749481,0.459052408,0.315352778,0.029052408,0.529019757
4_9_1454,0.933333333,10302,4.366666667,2,1,1,1.687755567,1,0.5543296,4.592983464,4.571034799,0.436545497,0.289256089,0.006545497,0.506545123
4_9_1460,0.983333333,11109,1.433333333,1,0,1,2.472880101,0,5.0023776,4.901699091,3.114286116,0.557213342,0.441438351,0.127213342,0.624537638
4_9_1466,0.95,14613,4.366666667,3,0,1,3.043263759,1,0,12.46792503,12.46792503,0.269045984,0.139404227,-0.160954016,0.344384423
4_9_1465,0.95,14629,6.866666667,3,0,0,1.924301252,1,0,9.655612637,9.655612637,0.305726925,0.165411578,-0.124273075,0.378224232
4_9_1464,0.783333333,14639,5.233333333,3,1,1,2.231520378,1,0,10.60751752,10.60751752,0.24051365,0.121620315,-0.18948635,0.319092508
4_9_1467,0.85,14700,6.5,1,0,0,1.735527981,1,1.1131296,8.555543214,8.467039107,0.292114519,0.155333147,-0.137885481,0.365506745
4_9_1468,0.866666667,15488,5.2,3,0,1,1.631793607,0,0,8.169862709,8.169862709,0.303210833,0.16351,-0.126789167,0.375860305
4_9_1469,0.916666667,15492,5.333333333,3,1,1,1.682601598,0,0,7.543374343,7.543374343,0.333755637,0.187803821,-0.096244363,0.404926959
4_9_1470,1,15532,2.633333333,3,0,0,2.19467722,0,0,5.547472534,5.547472534,0.424573046,0.275908546,-0.005426954,0.494573259
4_9_1471,0.883333333,15823,2.5,1,1,1,2.255681748,0,0,6.733719518,6.733719518,0.340405923,0.193446784,-0.089594077,0.411352673
4_9_1473,0.766666667,16631,5.466666667,2,0,0,1.732936171,0,0,12.09125748,12.09125748,0.220480836,0.110331897,-0.209519164,0.301940017
4_9_1472,0.833333333,16639,5.733333333,2,0,0,1.850794523,1,0,12.21999376,12.21999376,0.238387381,0.120376525,-0.191612619,0.317247439
4_10_1478,1,894,4.1,2,0,0,1.667923037,1,1.1131296,3.707263669,3.618759561,0.525678404,0.399207382,0.095678404,0.594527427
4_10_1479,0.9,910,4.633333333,2,1,0,1.785654728,1,0,4.120784267,4.120784267,0.443355979,0.297017255,0.013355979,0.513352804
4_10_1484,0.983333333,2737,3.233333333,1,0,1,3.871181664,1,5.0023776,7.827927384,6.040514409,0.400095622,0.249838449,-0.029904378,0.470131228
4_10_1493,0.983333333,5490,1.533333333,7,1,1,2.230672166,0,0.5543296,7.337654549,7.315705884,0.36355711,0.214091666,-0.06644289,0.433945464
4_10_1492,0.95,5491,1.633333333,7,0,1,2.221617652,1,0.5543296,8.091110717,8.069162052,0.334433202,0.188372915,-0.095566798,0.405580194
4_10_1491,0.95,5500,5.6,7,0,0,1.851441629,0,0,5.034315598,5.034315598,0.423402469,0.274624166,-0.006597531,0.493402852
4_10_1486,0.916666667,5510,5.933333333,7,0,1,2.267339946,0,0,6.968030185,6.968030185,0.347261333,0.199397752,-0.082738667,0.418008355
4_10_1490,0.916666667,5525,6.433333333,7,0,1,1.89039116,0,0,3.185211009,3.185211009,0.513620483,0.383412847,0.083620483,0.582849499
4_10_1487,0.983333333,5530,6.6,7,0,1,2.308246822,1,0,5.923458838,5.923458838,0.404029498,0.253915418,-0.025970502,0.474052828
4_10_1489,0.966666667,5547,7.166666667,7,0,1,2.419755892,1,0,6.626816333,6.626816333,0.375512394,0.225363046,-0.054487606,0.445727066
4_10_1519,0.9,14372,5.7,1,1,1,0.938234189,0,2.2217888,6.245289609,5.892693504,0.370753776,0.220826876,-0.059246224,0.441029509
4_10_1520,0.966666667,14452,3.866666667,2,1,0,1.55088753,1,1.1131296,6.839432513,6.750928405,0.372044589,0.222050848,-0.057955411,0.442302751
4_10_1521,0.866666667,14481,5.233333333,2,1,1,1.435621667,0,0.5543296,6.258032361,6.236083696,0.347053258,0.199215123,-0.082946742,0.41780589
4_10_1522,0.916666667,14546,5.566666667,1,1,0,1.6536959,1,0,6.413507,6.413507,0.361962561,0.212619754,-0.068037439,0.43237941
4_11_1527,0.933333333,671,-2.733333333,2,0,1,1.873627934,1,8.337296,10.17413853,5.209102489,0.408935982,0.259061508,-0.021064018,0.478948434
4_11_1528,1,690,-2.1,2,1,1,1.916594564,1,8.337296,10.18006335,5.215027303,0.437896735,0.290786362,0.007896735,0.507896078
4_11_1532,0.9,4682,14.53333333,1,1,1,1.361660129,1,0,6.895788111,6.895788111,0.342728764,0.195447913,-0.087271236,0.413604338
4_12_1557,0.95,4070,3.333333333,1,0,1,1.857470699,0,1.1131296,4.602289423,4.513785315,0.447149918,0.301392545,0.017149918,0.517143196
4_12_1574,0.983333333,5438,2.366666667,3,1,1,1.860363357,1,0,7.151050948,7.151050948,0.367718792,0.217968129,-0.062281208,0.43803892
4_12_1575,0.933333333,5484,3.066666667,3,1,1,2.114926201,1,0,4.773583631,4.773583631,0.427183538,0.278786181,-0.002816462,0.497183568
4_12_1576,0.966666667,5504,3.5,3,1,1,1.753237953,0,1.6674592,3.504309892,3.30570845,0.531672832,0.407140424,0.101672832,0.600294257
4_12_1581,0.983333333,6494,3.8,1,1,1,3.213470025,1,2.2217888,4.905576632,4.552980526,0.460842862,0.317482762,0.030842862,0.530803801
4_12_1589,1,12593,3.6,1,0,0,2.154810909,0,0,8.986831,8.986831,0.333577472,0.187654398,-0.096422528,0.404755247
4_12_1599,0.983333333,13051,2.266666667,1,0,0,2.912569101,1,2.7805888,7.338955914,6.78669348,0.377460616,0.227239154,-0.052539384,0.447653137
4_12_1603,0.95,15166,0.8,1,0,1,5.801759421,1,1.1131296,9.176120777,9.08761667,0.315136426,0.172680248,-0.114863574,0.387115288
4_12_1614,1,17896,5.033333333,1,0,1,2.389018427,0,0,1.864460792,1.864460792,0.732357903,0.674359308,0.302357903,0.770198364
4_15_1678,0.933333333,2602,3.466666667,1,1,1,2.547910897,1,0,7.620306736,7.620306736,0.338104188,0.191479239,-0.091895812,0.409125123
4_15_1679,0.983333333,3632,4.133333333,3,1,1,1.859017968,1,3.3349184,3.018793284,2.224387517,0.659318917,0.58084765,0.229318917,0.714486679
4_15_1680,0.933333333,3675,4.733333333,3,1,0,2.237897071,0,0.5543296,1.324932716,1.302984051,0.817649596,0.768003638,0.387649596,0.82500014
4_15_1681,0.966666667,3724,3.9,3,1,0,2.555705005,1,0,2.813512318,2.813512318,0.576304927,0.46746531,0.146304927,0.642267575
4_15_1689,0.983333333,6418,3.066666667,3,0,1,1.903586449,0,1.1131296,5.545894896,5.457390788,0.420928406,0.271921833,-0.009071594,0.490929401
4_15_1690,0.75,6454,3.166666667,3,0,1,2.370591652,0,0,2.057679365,2.057679365,0.522844341,0.39547484,0.092844341,0.591791757
4_15_1691,0.883333333,6498,3.2,3,0,1,1.180222434,0,0,5.254517586,5.254517586,0.385352512,0.234951309,-0.044647488,0.455470802
4_15_1692,0.933333333,7275,2.2,1,0,0,3.243475893,1,3.889248,7.596688306,6.516241877,0.365626932,0.216013334,-0.064373068,0.435980263
4_15_1693,0.933333333,7519,1.7,1,1,1,3.194762039,1,4.4435776,7.296490776,5.886106355,0.384700476,0.234307306,-0.045299524,0.454824013
4_15_1699,0.983333333,9545,5.266666667,4,0,1,1.844917096,0,1.6674592,6.05076155,5.852160108,0.406483257,0.256480551,-0.023516743,0.476500582
4_15_1697,0.983333333,9553,5.533333333,4,1,0,1.870182958,0,1.6674592,4.975934754,4.777333312,0.449891709,0.304577162,0.019891709,0.519881221
4_15_1698,0.966666667,9573,1.6,4,1,1,1.901487074,0,0.5543296,6.903324931,6.881376266,0.368501356,0.218702688,-0.061498644,0.438809615
4_15_1700,1,9585,1.466666667,4,1,0,1.993995883,0,0,6.127787396,6.127787396,0.403969108,0.253852501,-0.026030892,0.473992601
4_15_1701,0.883333333,9713,0.833333333,1,0,1,2.65163329,0,0,3.789538561,3.789538561,0.45376548,0.309108625,0.02376548,0.523747599
4_16_1716,0.966666667,4788,6.8,1,0,0,2.386299097,0,0,3.861326103,3.861326103,0.491935884,0.355636781,0.061935884,0.56162103
4_16_1717,0.933333333,17020,3.866666667,1,0,0,2.819969929,0,0,6.507062692,6.507062692,0.365884727,0.21625355,-0.064115273,0.436233848
5_1_1731,0.916666667,603,2.233333333,1,0,1,3.628515032,1,2.2217888,8.682717733,8.330121628,0.317603857,0.174627627,-0.112396143,0.389459542
5_1_1739,1,2324,1.066666667,1,0,1,1.414247407,0,0,10.79751375,10.79751375,0.304325341,0.164350129,-0.125674659,0.376906689
5_1_1740,0.983333333,2974,0.966666667,1,0,0,1.252367075,0,0,11.05543943,11.05543943,0.29574183,0.157968746,-0.13425817,0.368878126
5_1_1742,0.9,3658,4.466666667,1,1,1,3.010519622,1,2.2217888,11.410915,11.05831889,0.27064372,0.14046182,-0.15935628,0.345828826
5_2_1752,1,1405,1.533333333,1,1,1,2.360576091,1,2.2217888,5.223466545,4.870870439,0.453102764,0.308330752,0.023102764,0.523086337
6_1_1758,0.766666667,14252,1.933333333,1,1,1,2.51839954,1,2.2217888,7.461055099,7.108458994,0.287553627,0.15207027,-0.142446373,0.361286323
6_1_1754,1,13961,5.433333333,1,0,1,1.324553967,0,0.5543296,7.678145926,7.656197261,0.361404406,0.212106275,-0.068595594,0.431831546
6_1_1757,0.916666667,14288,3.366666667,1,0,1,2.665963351,0,2.7805888,5.985437903,5.433175469,0.393264345,0.242863113,-0.036735655,0.463330303
6_2_1803,0.933333333,128,3.7,2,0,1,1.111390104,0,2.7805888,10.71895343,10.16669099,0.292716339,0.155767932,-0.137283661,0.366065201
6_2_1804,0.95,133,3.466666667,2,1,0,1.307757772,0,2.7805888,10.57067405,10.01841161,0.300140202,0.161213194,-0.129859798,0.372983378
6_2_1805,1,219,3.6,1,0,0,1.322804592,0,0,10.65828797,10.65828797,0.306306544,0.16585214,-0.123693456,0.378769623
6_2_1806,0.85,338,3.333333333,1,0,1,2.467434038,0,0,10.29497467,10.29497467,0.264914838,0.136700604,-0.165085162,0.340663094
6_2_1802,0.933333333,1809,4.533333333,1,1,1,1.524157441,0,5.5567072,12.52792736,10.32242773,0.290499809,0.154171494,-0.139500191,0.36401017
6_2_1769,0.916666667,5310,4.9,1,0,0,2.462218698,0,0,3.825866888,3.825866888,0.468647723,0.32685645,0.038647723,0.538570938
6_2_1770,0.8,6581,10.23333333,1,1,0,2.208816628,1,0,5.876665508,5.876665508,0.330008025,0.184680032,-0.099991975,0.401320052
6_2_1773,0.916666667,7046,3.266666667,1,1,1,1.454060731,1,1.6674592,5.794584556,5.595983115,0.387501369,0.237082364,-0.042498631,0.457603419
6_2_1775,0.816666667,7699,3,1,1,1,2.042613109,0,7.778496,8.529310817,4.207525101,0.398136021,0.247823933,-0.031863979,0.468179087
6_2_1778,0.9,8194,2,1,0,1,3.326975805,1,6.6698368,8.334093429,5.156470362,0.396338486,0.245985627,-0.033661514,0.46638925
6_2_1779,0.983333333,8306,3.133333333,3,1,1,1.228648533,1,2.7805888,5.740536763,5.188274329,0.431707204,0.283816121,0.001707204,0.501707197
6_2_1781,0.983333333,8308,3.2,3,1,1,1.128165233,1,2.7805888,7.722338859,7.170076425,0.367230606,0.217510791,-0.062769394,0.437558288
6_2_1780,0.866666667,8330,3.933333333,3,1,1,1.285939457,1,2.2217888,6.244096096,5.891499991,0.357058316,0.20813908,-0.072941684,0.427571396
6_2_1782,0.966666667,8396,4.133333333,2,0,1,1.037150763,1,1.1131296,5.351494933,5.262990826,0.421366919,0.272399589,-0.008633081,0.491367777
6_2_1784,0.95,8436,5.466666667,2,1,0,1.118699231,1,0,5.694666414,5.694666414,0.39809751,0.247784451,-0.03190249,0.468140732
6_2_1785,0.8,9262,1.466666667,1,0,1,1.370538601,1,5.0023776,10.1382293,8.350816324,0.276837884,0.144625513,-0.153162116,0.351455285
6_2_1792,0.533333333,13591,12.23333333,4,0,0,2.841278557,0,0,4.838923026,4.838923026,0.242451218,0.122763348,-0.187548782,0.320778785
6_2_1794,0.7,13610,12.86666667,4,0,1,3.074844814,1,0,4.185060698,4.185060698,0.34217412,0.194968667,-0.08782588,0.413066357
6_2_1789,0.933333333,13612,13.53333333,4,0,0,3.680742934,0,0,6.646351067,6.646351067,0.362030481,0.2126823,-0.067969519,0.432446089
6_2_1791,0.95,13637,14.36666667,4,0,0,4.294964415,0,0,6.877220968,6.877220968,0.362257275,0.212891244,-0.067742725,0.432668756
6_3_1812,0.833333333,3359,2.2,1,1,1,1.958205489,0,2.2217888,4.202644802,3.850048696,0.424703307,0.2760517,-0.005296693,0.494703505
6_3_1813,0.983333333,3519,0.833333333,1,1,1,2.478790539,0,0,3.905097538,3.905097538,0.497605095,0.362813843,0.067605095,0.567196105
6_3_1815,0.9,10967,2.7,1,0,0,3.397868525,1,0,4.11350101,4.11350101,0.443748303,0.297467992,0.013748303,0.513744839
6_3_1816,0.483333333,11202,8.066666667,1,1,1,1.843436109,0,1.1131296,9.963948507,9.8754444,0.153804281,0.079140956,-0.276195719,0.2488448
6_3_1818,1,13315,1.8,1,1,1,2.698743561,0,3.3349184,2.445145811,1.650740044,0.77832442,0.727263813,0.34832442,0.801118177
6_3_1820,0.916666667,17441,2.8,1,0,1,2.601687614,1,5.5567072,5.930553403,3.725053767,0.474947019,0.334524568,0.044947019,0.544826338
6_4_1822,0.883333333,366,2.2,2,0,0,1.506621584,1,6.6698368,6.111311496,2.933688429,0.515724336,0.386152027,0.085724336,0.58489415
6_4_1823,0.733333333,374,2.466666667,2,1,0,1.463170924,1,6.6698368,6.470910417,3.29328735,0.404097918,0.253986714,-0.025902082,0.474121064
6_4_1842,0.85,8122,3.533333333,5,0,1,1.204394353,0,0,10.01450142,10.01450142,0.268598918,0.139109497,-0.161401082,0.343980775
6_4_1830,0.766666667,8143,8.4,5,1,0,2.165367643,0,0,3.831191718,3.831191718,0.391687434,0.241271873,-0.038312566,0.461762241
6_4_1843,0.833333333,8153,4.566666667,5,0,1,0.770827273,0,0,10.18764741,10.18764741,0.261084928,0.134233677,-0.168915072,0.337230568
6_4_1831,0.7,8197,5,5,0,0,1.823982118,0,0,4.365730485,4.365730485,0.335019109,0.188866092,-0.094980891,0.406145333
6_4_1844,0.983333333,8199,6.566666667,5,0,1,1.489561499,0,0,9.989706394,9.989706394,0.31111747,0.169545205,-0.11888253,0.383308177
6_5_1863,0.866666667,2324,4.933333333,2,1,1,2.305117939,0,0,6.192585333,6.192585333,0.348270022,0.200284869,-0.081729978,0.418990244
6_5_1861,0.85,2351,7.1,2,1,1,1.96138674,0,0,4.634316514,4.634316514,0.394844488,0.244464749,-0.035155512,0.464902306
6_5_1862,0.933333333,2426,19.4,2,0,1,2.173488448,1,0,2.9463625,2.9463625,0.543743011,0.423257917,0.113743011,0.611820729
6_5_1864,0.883333333,2455,19.23333333,2,0,1,1.844507991,0,0,4.819155769,4.819155769,0.402382549,0.252203236,-0.027617451,0.4724106
6_7_1895,0.966666667,2541,3.9,1,0,0,0.564952187,0,0,10.97582865,10.97582865,0.291781723,0.155093144,-0.138218277,0.365198083
6_7_1911,0.966666667,16064,7.433333333,1,0,0,2.015550976,0,0,2.877193319,2.877193319,0.569891555,0.458695234,0.139891555,0.636352166
6_7_1910,0.9,16141,9.533333333,2,1,1,1.915244992,0,0,0.852450183,0.852450183,0.974783131,0.887085174,0.544783131,0.898359891
6_7_1909,0.95,16162,10.7,2,0,0,1.881636765,0,0,1.063372273,1.063372273,0.921257294,0.854073616,0.491257294,0.877076195
6_7_1912,0.916666667,16280,3.6,1,0,1,2.268874089,1,0,3.116090047,3.116090047,0.519285791,0.390805369,0.089285791,0.588348699
6_8_1925,0.933333333,12197,4.7,5,0,1,1.968271661,0,0,5.365416953,5.365416953,0.402935042,0.252776758,-0.027064958,0.472961445
6_8_1924,0.883333333,12241,7.533333333,5,0,1,2.259819245,0,0,6.505330632,6.505330632,0.346329856,0.198581165,-0.083670144,0.417102204
6_8_1926,1,12286,4,5,0,1,1.776996833,0,0,3.982760722,3.982760722,0.50108095,0.367244844,0.07108095,0.570605941
6_8_1927,1,12290,4.133333333,5,0,1,1.797886132,0,0,5.233513333,5.233513333,0.437122672,0.289909154,0.007122672,0.50712219
6_8_1928,0.9,12345,11.4,5,0,0,2.425556192,0,0,2.870046591,2.870046591,0.53124889,0.406577731,0.10124889,0.599887304
